what,kind,bundleId,bundleVersion,description,time
deactivated,workbench,org.eclipse.ui.workbench,3.6.1.M20100826-1330,"",1301006572119
activated,workbench,org.eclipse.ui.workbench,3.6.1.M20100826-1330,"",1301006608454
executed,command,org.eclipse.ui,3.6.1.M20100826-1330,"org.eclipse.ui.edit.undo",1301006610537
executed,command,org.eclipse.ui,3.6.1.M20100826-1330,"org.eclipse.ui.edit.undo",1301006610994
executed,command,org.eclipse.ui,3.6.1.M20100826-1330,"org.eclipse.ui.edit.undo",1301006611317
executed,command,org.eclipse.ui.workbench.texteditor,3.6.1.r361_v20100714-0800,"org.eclipse.ui.edit.text.goto.lineEnd",1301006615389
executed,command,org.eclipse.ui.workbench.texteditor,3.6.1.r361_v20100714-0800,"org.eclipse.ui.edit.text.goto.lineEnd",1301006615566
executed,command,org.eclipse.ui.workbench.texteditor,3.6.1.r361_v20100714-0800,"org.eclipse.ui.edit.text.goto.lineEnd",1301006615766
executed,command,org.eclipse.ui,3.6.1.M20100826-1330,"org.eclipse.ui.file.save",1301006618446
deactivated,workbench,org.eclipse.ui.workbench,3.6.1.M20100826-1330,"",1301006618729
activated,workbench,org.eclipse.ui.workbench,3.6.1.M20100826-1330,"",1301006619788
deactivated,workbench,org.eclipse.ui.workbench,3.6.1.M20100826-1330,"",1301006622416
activated,workbench,org.eclipse.ui.workbench,3.6.1.M20100826-1330,"",1301006623409
executed,command,org.eclipse.ui.ide,3.6.1.M20100825-0800,"org.eclipse.ui.project.cleanAction",1301006623441
deactivated,workbench,org.eclipse.ui.workbench,3.6.1.M20100826-1330,"",1301006632607
activated,workbench,org.eclipse.ui.workbench,3.6.1.M20100826-1330,"",1301006633935
activated,perspective,org.eclipse.debug.ui,3.6.1.v20100901_r361,"org.eclipse.debug.ui.DebugPerspective",1301006634050
executed,command,org.eclipse.debug.ui,3.6.1.v20100901_r361,"org.eclipse.debug.ui.commands.StepOver",1301006635278
executed,command,org.eclipse.debug.ui,3.6.1.v20100901_r361,"org.eclipse.debug.ui.commands.StepOver",1301006635968
executed,command,org.eclipse.debug.ui,3.6.1.v20100901_r361,"org.eclipse.debug.ui.commands.StepOver",1301006636457
executed,command,org.eclipse.debug.ui,3.6.1.v20100901_r361,"org.eclipse.debug.ui.commands.StepOver",1301006644055
executed,command,org.eclipse.debug.ui,3.6.1.v20100901_r361,"org.eclipse.debug.ui.commands.Resume",1301006645306
activated,editor,org.eclipse.jdt.ui,3.6.1.r361_v20100825-0800,"org.eclipse.jdt.ui.CompilationUnitEditor",1301006645591
executed,command,org.eclipse.debug.ui,3.6.1.v20100901_r361,"org.eclipse.debug.ui.commands.Resume",1301006646202
activated,editor,org.eclipse.jdt.ui,3.6.1.r361_v20100825-0800,"org.eclipse.jdt.ui.CompilationUnitEditor",1301006648214
closed,editor,org.eclipse.jdt.ui,3.6.1.r361_v20100825-0800,"org.eclipse.jdt.ui.CompilationUnitEditor",1301006648217
deactivated,workbench,org.eclipse.ui.workbench,3.6.1.M20100826-1330,"",1301006662286
activated,workbench,org.eclipse.ui.workbench,3.6.1.M20100826-1330,"",1301006672089
deactivated,workbench,org.eclipse.ui.workbench,3.6.1.M20100826-1330,"",1301006674989
activated,workbench,org.eclipse.ui.workbench,3.6.1.M20100826-1330,"",1301006676840
executed,command,org.eclipse.ui,3.6.1.M20100826-1330,"org.eclipse.ui.edit.copy",1301006678872
executed,command,org.eclipse.ui,3.6.1.M20100826-1330,"org.eclipse.ui.edit.paste",1301006680267
executed,command,org.eclipse.ui.workbench.texteditor,3.6.1.r361_v20100714-0800,"org.eclipse.ui.edit.text.goto.wordPrevious",1301006681437
executed,command,org.eclipse.ui.workbench.texteditor,3.6.1.r361_v20100714-0800,"org.eclipse.ui.edit.text.goto.wordPrevious",1301006681602
executed,command,org.eclipse.ui.workbench.texteditor,3.6.1.r361_v20100714-0800,"org.eclipse.ui.edit.text.goto.wordPrevious",1301006681774
executed,command,org.eclipse.ui.workbench.texteditor,3.6.1.r361_v20100714-0800,"org.eclipse.ui.edit.text.goto.wordPrevious",1301006681953
executed,command,org.eclipse.ui.workbench.texteditor,3.6.1.r361_v20100714-0800,"org.eclipse.ui.edit.text.goto.wordNext",1301006682191
executed,command,org.eclipse.ui,3.6.1.M20100826-1330,"org.eclipse.ui.edit.paste",1301006682905
executed,command,org.eclipse.ui,3.6.1.M20100826-1330,"org.eclipse.ui.file.save",1301006683710
deactivated,workbench,org.eclipse.ui.workbench,3.6.1.M20100826-1330,"",1301006684050
activated,workbench,org.eclipse.ui.workbench,3.6.1.M20100826-1330,"",1301006685305
activated,perspective,org.eclipse.jdt.ui,3.6.1.r361_v20100825-0800,"org.eclipse.jdt.ui.JavaPerspective",1301006688647
deactivated,workbench,org.eclipse.ui.workbench,3.6.1.M20100826-1330,"",1301006693327
activated,workbench,org.eclipse.ui.workbench,3.6.1.M20100826-1330,"",1301006694514
activated,perspective,org.eclipse.debug.ui,3.6.1.v20100901_r361,"org.eclipse.debug.ui.DebugPerspective",1301006694640
executed,command,org.eclipse.debug.ui,3.6.1.v20100901_r361,"org.eclipse.debug.ui.commands.StepOver",1301006695655
executed,command,org.eclipse.debug.ui,3.6.1.v20100901_r361,"org.eclipse.debug.ui.commands.StepOver",1301006696131
executed,command,org.eclipse.debug.ui,3.6.1.v20100901_r361,"org.eclipse.debug.ui.commands.StepOver",1301006696490
executed,command,org.eclipse.debug.ui,3.6.1.v20100901_r361,"org.eclipse.debug.ui.commands.Resume",1301006697357
opened,editor,org.eclipse.jdt.ui,3.6.1.r361_v20100825-0800,"org.eclipse.jdt.ui.CompilationUnitEditor",1301006697662
activated,editor,org.eclipse.jdt.ui,3.6.1.r361_v20100825-0800,"org.eclipse.jdt.ui.CompilationUnitEditor",1301006697772
executed,command,org.eclipse.debug.ui,3.6.1.v20100901_r361,"org.eclipse.debug.ui.commands.Resume",1301006699197
activated,editor,org.eclipse.jdt.ui,3.6.1.r361_v20100825-0800,"org.eclipse.jdt.ui.CompilationUnitEditor",1301006703505
executed,command,org.eclipse.debug.ui,3.6.1.v20100901_r361,"org.eclipse.debug.ui.commands.StepOver",1301006705557
executed,command,org.eclipse.debug.ui,3.6.1.v20100901_r361,"org.eclipse.debug.ui.commands.Resume",1301006706855
activated,perspective,org.eclipse.jdt.ui,3.6.1.r361_v20100825-0800,"org.eclipse.jdt.ui.JavaPerspective",1301006716726
executed,command,org.eclipse.ui,3.6.1.M20100826-1330,"org.eclipse.ui.edit.copy",1301006749498
activated,editor,org.eclipse.jdt.ui,3.6.1.r361_v20100825-0800,"org.eclipse.jdt.ui.CompilationUnitEditor",1301006750485
executed,command,org.eclipse.ui,3.6.1.M20100826-1330,"org.eclipse.ui.edit.paste",1301006752813
deactivated,workbench,org.eclipse.ui.workbench,3.6.1.M20100826-1330,"",1301006758391
activated,workbench,org.eclipse.ui.workbench,3.6.1.M20100826-1330,"",1301006760389
executed,command,org.eclipse.ui.workbench.texteditor,3.6.1.r361_v20100714-0800,"org.eclipse.ui.edit.text.goto.wordNext",1301006768414
executed,command,org.eclipse.ui,3.6.1.M20100826-1330,"org.eclipse.ui.file.save",1301006806084
executed,command,org.eclipse.ui.workbench.texteditor,3.6.1.r361_v20100714-0800,"org.eclipse.ui.edit.text.select.wordPrevious",1301006811797
activated,view,org.eclipse.jdt.ui,3.6.1.r361_v20100825-0800,"org.eclipse.jdt.ui.PackageExplorer",1301006822465
activated,editor,com.android.ide.eclipse.adt,10.0.0.v201102162101-104271,"com.android.ide.eclipse.editors.menu.MenuEditor",1301006822843
deactivated,workbench,org.eclipse.ui.workbench,3.6.1.M20100826-1330,"",1301006825823
activated,workbench,org.eclipse.ui.workbench,3.6.1.M20100826-1330,"",1301006827050
executed,command,org.eclipse.ui.workbench.texteditor,3.6.1.r361_v20100714-0800,"org.eclipse.ui.edit.text.select.wordPrevious",1301006830060
executed,command,org.eclipse.ui.workbench.texteditor,3.6.1.r361_v20100714-0800,"org.eclipse.ui.edit.text.select.wordPrevious",1301006831497
executed,command,org.eclipse.ui.workbench.texteditor,3.6.1.r361_v20100714-0800,"org.eclipse.ui.edit.text.select.wordPrevious",1301006831877
executed,command,org.eclipse.ui.workbench.texteditor,3.6.1.r361_v20100714-0800,"org.eclipse.ui.edit.text.select.wordPrevious",1301006843063
executed,command,org.eclipse.ui,3.6.1.M20100826-1330,"org.eclipse.ui.file.save",1301006850177
activated,editor,org.eclipse.jdt.ui,3.6.1.r361_v20100825-0800,"org.eclipse.jdt.ui.CompilationUnitEditor",1301006861605
executed,command,org.eclipse.ui.workbench.texteditor,3.6.1.r361_v20100714-0800,"org.eclipse.ui.edit.text.select.wordPrevious",1301006864990
executed,command,org.eclipse.ui.workbench.texteditor,3.6.1.r361_v20100714-0800,"org.eclipse.ui.edit.text.select.wordPrevious",1301006865189
executed,command,org.eclipse.ui.workbench.texteditor,3.6.1.r361_v20100714-0800,"org.eclipse.ui.edit.text.select.wordPrevious",1301006865359
executed,command,org.eclipse.ui.workbench.texteditor,3.6.1.r361_v20100714-0800,"org.eclipse.ui.edit.text.select.wordPrevious",1301006873179
executed,command,org.eclipse.ui.workbench.texteditor,3.6.1.r361_v20100714-0800,"org.eclipse.ui.edit.text.select.wordPrevious",1301006873348
executed,command,org.eclipse.ui.workbench.texteditor,3.6.1.r361_v20100714-0800,"org.eclipse.ui.edit.text.select.wordPrevious",1301006873858
executed,command,org.eclipse.ui,3.6.1.M20100826-1330,"org.eclipse.ui.file.save",1301006882224
executed,command,,,"AUTOGEN:::org.eclipse.jdt.debug.CompilationUnitEditor.BreakpointRulerActions/org.eclipse.jdt.debug.ui.actions.ManageBreakpointRulerAction",1301006884232
deactivated,workbench,org.eclipse.ui.workbench,3.6.1.M20100826-1330,"",1301006887446
activated,workbench,org.eclipse.ui.workbench,3.6.1.M20100826-1330,"",1301006894854
deactivated,workbench,org.eclipse.ui.workbench,3.6.1.M20100826-1330,"",1301006901397
activated,workbench,org.eclipse.ui.workbench,3.6.1.M20100826-1330,"",1301006906916
deactivated,workbench,org.eclipse.ui.workbench,3.6.1.M20100826-1330,"",1301006916817
activated,editor,org.eclipse.jdt.ui,3.6.1.r361_v20100825-0800,"org.eclipse.jdt.ui.CompilationUnitEditor",1301006916972
activated,workbench,org.eclipse.ui.workbench,3.6.1.M20100826-1330,"",1301006918344
activated,perspective,org.eclipse.debug.ui,3.6.1.v20100901_r361,"org.eclipse.debug.ui.DebugPerspective",1301006918469
executed,command,org.eclipse.debug.ui,3.6.1.v20100901_r361,"org.eclipse.debug.ui.commands.StepOver",1301006920037
executed,command,org.eclipse.debug.ui,3.6.1.v20100901_r361,"org.eclipse.debug.ui.commands.StepOver",1301006920627
executed,command,org.eclipse.debug.ui,3.6.1.v20100901_r361,"org.eclipse.debug.ui.commands.StepOver",1301006921456
executed,command,org.eclipse.debug.ui,3.6.1.v20100901_r361,"org.eclipse.debug.ui.commands.Resume",1301006923373
activated,editor,org.eclipse.jdt.ui,3.6.1.r361_v20100825-0800,"org.eclipse.jdt.ui.CompilationUnitEditor",1301006923664
executed,command,org.eclipse.debug.ui,3.6.1.v20100901_r361,"org.eclipse.debug.ui.commands.Resume",1301006924561
executed,command,org.eclipse.debug.ui,3.6.1.v20100901_r361,"org.eclipse.debug.ui.commands.Resume",1301006933670
deactivated,workbench,org.eclipse.ui.workbench,3.6.1.M20100826-1330,"",1301006934595
activated,workbench,org.eclipse.ui.workbench,3.6.1.M20100826-1330,"",1301006960865
deactivated,workbench,org.eclipse.ui.workbench,3.6.1.M20100826-1330,"",1301006968747
activated,workbench,org.eclipse.ui.workbench,3.6.1.M20100826-1330,"",1301006984500
executed,command,org.eclipse.ui,3.6.1.M20100826-1330,"org.eclipse.ui.edit.paste",1301006986498
executed,command,org.eclipse.ui.workbench.texteditor,3.6.1.r361_v20100714-0800,"org.eclipse.ui.edit.text.select.wordPrevious",1301006990892
deactivated,workbench,org.eclipse.ui.workbench,3.6.1.M20100826-1330,"",1301006993631
activated,workbench,org.eclipse.ui.workbench,3.6.1.M20100826-1330,"",1301006996754
executed,command,org.eclipse.ui,3.6.1.M20100826-1330,"org.eclipse.ui.edit.paste",1301006999814
executed,command,org.eclipse.ui,3.6.1.M20100826-1330,"org.eclipse.ui.file.save",1301007008053
deactivated,workbench,org.eclipse.ui.workbench,3.6.1.M20100826-1330,"",1301007008420
activated,workbench,org.eclipse.ui.workbench,3.6.1.M20100826-1330,"",1301007009369
deactivated,workbench,org.eclipse.ui.workbench,3.6.1.M20100826-1330,"",1301007015543
activated,workbench,org.eclipse.ui.workbench,3.6.1.M20100826-1330,"",1301007018005
activated,editor,org.eclipse.jdt.ui,3.6.1.r361_v20100825-0800,"org.eclipse.jdt.ui.CompilationUnitEditor",1301007021835
executed,command,org.eclipse.ui,3.6.1.M20100826-1330,"org.eclipse.ui.edit.paste",1301007032206
executed,command,org.eclipse.ui.workbench.texteditor,3.6.1.r361_v20100714-0800,"org.eclipse.ui.edit.text.select.wordPrevious",1301007036789
executed,command,org.eclipse.ui.workbench.texteditor,3.6.1.r361_v20100714-0800,"org.eclipse.ui.edit.text.select.wordPrevious",1301007039444
executed,command,org.eclipse.ui,3.6.1.M20100826-1330,"org.eclipse.ui.file.save",1301007041587
deactivated,workbench,org.eclipse.ui.workbench,3.6.1.M20100826-1330,"",1301007041820
activated,workbench,org.eclipse.ui.workbench,3.6.1.M20100826-1330,"",1301007048585
deactivated,workbench,org.eclipse.ui.workbench,3.6.1.M20100826-1330,"",1301007050327
activated,workbench,org.eclipse.ui.workbench,3.6.1.M20100826-1330,"",1301007051781
started,bundle,org.eclipse.ui.navigator,3.5.0.I20100601-0800,"org.eclipse.ui.navigator",1301007053423
started,bundle,org.eclipse.ui.navigator.resources,3.4.201.M20100707-0800,"org.eclipse.ui.navigator.resources",1301007053444
started,bundle,org.eclipse.emf.edit,2.6.0.v20100914-1218,"org.eclipse.emf.edit",1301007053754
started,bundle,org.eclipse.emf.common.ui,2.6.0.v20100914-1218,"org.eclipse.emf.common.ui",1301007053777
started,bundle,org.eclipse.emf.edit.ui,2.6.0.v20100914-1218,"org.eclipse.emf.edit.ui",1301007053779
started,bundle,org.eclipse.jst.j2ee.webservice.ui,1.1.400.v201004110600,"org.eclipse.jst.j2ee.webservice.ui",1301007053815
started,bundle,org.eclipse.jst.j2ee.webservice,1.1.400.v201004110600,"org.eclipse.jst.j2ee.webservice",1301007053931
started,bundle,org.eclipse.jst.jee.ui,1.0.302.v201009011600,"org.eclipse.jst.jee.ui",1301007054163
started,bundle,org.eclipse.jst.j2ee.ui,1.1.402.v201009080200,"org.eclipse.jst.j2ee.ui",1301007054348
started,bundle,org.eclipse.jst.j2ee.navigator.ui,1.1.402.v201009081300,"org.eclipse.jst.j2ee.navigator.ui",1301007054365
started,bundle,org.eclipse.mylyn.resources.ui,3.4.1.v20100909-0100-e3x,"org.eclipse.mylyn.resources.ui",1301007054965
opened,view,org.eclipse.ui.navigator.resources,3.4.201.M20100707-0800,"org.eclipse.ui.navigator.ProjectExplorer",1301007054980
activated,perspective,org.eclipse.jst.j2ee.ui,1.1.402.v201009080200,"org.eclipse.jst.j2ee.J2EEPerspective",1301007055119
started,bundle,org.eclipse.jst.servlet.ui,1.1.402.v201008261918,"org.eclipse.jst.servlet.ui",1301007056578
executed,command,org.eclipse.ui,3.6.1.M20100826-1330,"org.eclipse.ui.file.save",1301007059751
deactivated,workbench,org.eclipse.ui.workbench,3.6.1.M20100826-1330,"",1301007059986
activated,workbench,org.eclipse.ui.workbench,3.6.1.M20100826-1330,"",1301007061170
activated,perspective,org.eclipse.debug.ui,3.6.1.v20100901_r361,"org.eclipse.debug.ui.DebugPerspective",1301007065887
activated,perspective,org.eclipse.jdt.ui,3.6.1.r361_v20100825-0800,"org.eclipse.jdt.ui.JavaPerspective",1301007067545
deactivated,workbench,org.eclipse.ui.workbench,3.6.1.M20100826-1330,"",1301007087911
activated,workbench,org.eclipse.ui.workbench,3.6.1.M20100826-1330,"",1301007454622
deactivated,workbench,org.eclipse.ui.workbench,3.6.1.M20100826-1330,"",1301007466142
activated,workbench,org.eclipse.ui.workbench,3.6.1.M20100826-1330,"",1301007486401
deactivated,workbench,org.eclipse.ui.workbench,3.6.1.M20100826-1330,"",1301007487931
activated,workbench,org.eclipse.ui.workbench,3.6.1.M20100826-1330,"",1301007524580
activated,view,org.eclipse.jdt.ui,3.6.1.r361_v20100825-0800,"org.eclipse.jdt.ui.PackageExplorer",1301007526830
activated,editor,com.android.ide.eclipse.adt,10.0.0.v201102162101-104271,"com.android.ide.eclipse.editors.menu.MenuEditor",1301007527189
executed,command,org.eclipse.ui,3.6.1.M20100826-1330,"org.eclipse.ui.edit.copy",1301007529847
deactivated,workbench,org.eclipse.ui.workbench,3.6.1.M20100826-1330,"",1301007530547
activated,workbench,org.eclipse.ui.workbench,3.6.1.M20100826-1330,"",1301007559428
deactivated,workbench,org.eclipse.ui.workbench,3.6.1.M20100826-1330,"",1301007560419
activated,workbench,org.eclipse.ui.workbench,3.6.1.M20100826-1330,"",1301007560793
activated,editor,org.eclipse.jdt.ui,3.6.1.r361_v20100825-0800,"org.eclipse.jdt.ui.CompilationUnitEditor",1301007561836
deactivated,workbench,org.eclipse.ui.workbench,3.6.1.M20100826-1330,"",1301007564318
activated,workbench,org.eclipse.ui.workbench,3.6.1.M20100826-1330,"",1301007568588
executed,command,org.eclipse.ui,3.6.1.M20100826-1330,"org.eclipse.ui.edit.copy",1301007572226
executed,command,org.eclipse.ui,3.6.1.M20100826-1330,"org.eclipse.ui.file.save",1301007575279
activated,view,org.eclipse.jdt.ui,3.6.1.r361_v20100825-0800,"org.eclipse.jdt.ui.PackageExplorer",1301007576775
deactivated,workbench,org.eclipse.ui.workbench,3.6.1.M20100826-1330,"",1301007577722
activated,workbench,org.eclipse.ui.workbench,3.6.1.M20100826-1330,"",1301007580752
executed,command,org.eclipse.ui,3.6.1.M20100826-1330,"org.eclipse.ui.edit.rename",1301007580769
opened,editor,com.android.ide.eclipse.adt,10.0.0.v201102162101-104271,"com.android.ide.eclipse.editors.menu.MenuEditor",1301007582324
activated,editor,com.android.ide.eclipse.adt,10.0.0.v201102162101-104271,"com.android.ide.eclipse.editors.menu.MenuEditor",1301007582474
activated,view,org.eclipse.jdt.ui,3.6.1.r361_v20100825-0800,"org.eclipse.jdt.ui.PackageExplorer",1301007585180
deactivated,workbench,org.eclipse.ui.workbench,3.6.1.M20100826-1330,"",1301007585994
executed,command,org.eclipse.ui,3.6.1.M20100826-1330,"org.eclipse.ui.edit.copy",1301007586805
activated,workbench,org.eclipse.ui.workbench,3.6.1.M20100826-1330,"",1301007587320
executed,command,org.eclipse.ui,3.6.1.M20100826-1330,"org.eclipse.ui.edit.rename",1301007587347
deactivated,workbench,org.eclipse.ui.workbench,3.6.1.M20100826-1330,"",1301007587839
activated,workbench,org.eclipse.ui.workbench,3.6.1.M20100826-1330,"",1301007629227
activated,editor,org.eclipse.jdt.ui,3.6.1.r361_v20100825-0800,"org.eclipse.jdt.ui.CompilationUnitEditor",1301007630973
deactivated,workbench,org.eclipse.ui.workbench,3.6.1.M20100826-1330,"",1301007633946
activated,workbench,org.eclipse.ui.workbench,3.6.1.M20100826-1330,"",1301007670163
executed,command,org.eclipse.ui,3.6.1.M20100826-1330,"org.eclipse.ui.edit.copy",1301007674474
deactivated,workbench,org.eclipse.ui.workbench,3.6.1.M20100826-1330,"",1301007675070
activated,workbench,org.eclipse.ui.workbench,3.6.1.M20100826-1330,"",1301007714094
activated,view,org.eclipse.jdt.ui,3.6.1.r361_v20100825-0800,"org.eclipse.jdt.ui.PackageExplorer",1301007715941
activated,editor,org.eclipse.jdt.ui,3.6.1.r361_v20100825-0800,"org.eclipse.jdt.ui.CompilationUnitEditor",1301007716169
executed,command,org.eclipse.ui,3.6.1.M20100826-1330,"org.eclipse.ui.edit.copy",1301007718748
deactivated,workbench,org.eclipse.ui.workbench,3.6.1.M20100826-1330,"",1301007719326
activated,workbench,org.eclipse.ui.workbench,3.6.1.M20100826-1330,"",1301007733397
executed,command,org.eclipse.ui,3.6.1.M20100826-1330,"org.eclipse.ui.edit.text.contentAssist.proposals",1301007736309
deactivated,workbench,org.eclipse.ui.workbench,3.6.1.M20100826-1330,"",1301007748926
activated,workbench,org.eclipse.ui.workbench,3.6.1.M20100826-1330,"",1301007884375
activated,view,org.eclipse.jdt.ui,3.6.1.r361_v20100825-0800,"org.eclipse.jdt.ui.PackageExplorer",1301007889932
deactivated,workbench,org.eclipse.ui.workbench,3.6.1.M20100826-1330,"",1301007894599
activated,workbench,org.eclipse.ui.workbench,3.6.1.M20100826-1330,"",1301007901083
opened,editor,org.eclipse.jdt.ui,3.6.1.r361_v20100825-0800,"org.eclipse.jdt.ui.CompilationUnitEditor",1301007902954
activated,editor,org.eclipse.jdt.ui,3.6.1.r361_v20100825-0800,"org.eclipse.jdt.ui.CompilationUnitEditor",1301007903101
activated,view,org.eclipse.jdt.ui,3.6.1.r361_v20100825-0800,"org.eclipse.jdt.ui.PackageExplorer",1301007907866
deactivated,workbench,org.eclipse.ui.workbench,3.6.1.M20100826-1330,"",1301007909884
activated,workbench,org.eclipse.ui.workbench,3.6.1.M20100826-1330,"",1301007919414
activated,editor,org.eclipse.jdt.ui,3.6.1.r361_v20100825-0800,"org.eclipse.jdt.ui.CompilationUnitEditor",1301007922022
executed,command,org.eclipse.ui.workbench.texteditor,3.6.1.r361_v20100714-0800,"org.eclipse.ui.edit.text.goto.wordNext",1301007923820
executed,command,org.eclipse.ui.workbench.texteditor,3.6.1.r361_v20100714-0800,"org.eclipse.ui.edit.text.goto.wordNext",1301007924049
executed,command,org.eclipse.ui.workbench.texteditor,3.6.1.r361_v20100714-0800,"org.eclipse.ui.edit.text.goto.wordPrevious",1301007924379
executed,command,org.eclipse.ui.workbench.texteditor,3.6.1.r361_v20100714-0800,"org.eclipse.ui.edit.text.select.wordPrevious",1301007924909
executed,command,org.eclipse.ui.workbench.texteditor,3.6.1.r361_v20100714-0800,"org.eclipse.ui.edit.text.select.wordPrevious",1301007925089
executed,command,org.eclipse.ui.workbench.texteditor,3.6.1.r361_v20100714-0800,"org.eclipse.ui.edit.text.select.wordNext",1301007925409
executed,command,org.eclipse.ui,3.6.1.M20100826-1330,"org.eclipse.ui.file.save",1301007930840
activated,view,org.eclipse.jdt.ui,3.6.1.r361_v20100825-0800,"org.eclipse.jdt.ui.PackageExplorer",1301007932968
activated,editor,com.android.ide.eclipse.adt,10.0.0.v201102162101-104271,"com.android.ide.eclipse.editors.layout.LayoutEditor",1301007940044
activated,view,org.eclipse.jdt.ui,3.6.1.r361_v20100825-0800,"org.eclipse.jdt.ui.PackageExplorer",1301007942516
deactivated,workbench,org.eclipse.ui.workbench,3.6.1.M20100826-1330,"",1301007943206
activated,workbench,org.eclipse.ui.workbench,3.6.1.M20100826-1330,"",1301007952884
opened,editor,com.android.ide.eclipse.adt,10.0.0.v201102162101-104271,"com.android.ide.eclipse.editors.layout.LayoutEditor",1301007954759
activated,editor,com.android.ide.eclipse.adt,10.0.0.v201102162101-104271,"com.android.ide.eclipse.editors.layout.LayoutEditor",1301007954865
executed,command,org.eclipse.ui.workbench.texteditor,3.6.1.r361_v20100714-0800,"org.eclipse.ui.edit.text.select.wordNext",1301007957027
executed,command,org.eclipse.ui.workbench.texteditor,3.6.1.r361_v20100714-0800,"org.eclipse.ui.edit.text.select.wordNext",1301007957227
executed,command,org.eclipse.ui.workbench.texteditor,3.6.1.r361_v20100714-0800,"org.eclipse.ui.edit.text.select.wordNext",1301007957386
executed,command,org.eclipse.ui.workbench.texteditor,3.6.1.r361_v20100714-0800,"org.eclipse.ui.edit.text.select.wordNext",1301007957552
executed,command,org.eclipse.ui.workbench.texteditor,3.6.1.r361_v20100714-0800,"org.eclipse.ui.edit.text.select.wordNext",1301007957823
executed,command,org.eclipse.ui.workbench.texteditor,3.6.1.r361_v20100714-0800,"org.eclipse.ui.edit.text.select.wordPrevious",1301007959229
executed,command,org.eclipse.ui.workbench.texteditor,3.6.1.r361_v20100714-0800,"org.eclipse.ui.edit.text.select.wordPrevious",1301007959617
executed,command,org.eclipse.ui.workbench.texteditor,3.6.1.r361_v20100714-0800,"org.eclipse.ui.edit.text.goto.wordNext",1301007963948
executed,command,org.eclipse.ui.workbench.texteditor,3.6.1.r361_v20100714-0800,"org.eclipse.ui.edit.text.goto.wordPrevious",1301007966993
executed,command,org.eclipse.ui.workbench.texteditor,3.6.1.r361_v20100714-0800,"org.eclipse.ui.edit.text.goto.wordPrevious",1301007967183
executed,command,org.eclipse.ui.workbench.texteditor,3.6.1.r361_v20100714-0800,"org.eclipse.ui.edit.text.goto.wordPrevious",1301007967481
executed,command,org.eclipse.ui.workbench.texteditor,3.6.1.r361_v20100714-0800,"org.eclipse.ui.edit.text.goto.wordNext",1301007978292
executed,command,org.eclipse.ui.workbench.texteditor,3.6.1.r361_v20100714-0800,"org.eclipse.ui.edit.text.goto.wordNext",1301007978484
executed,command,org.eclipse.ui.workbench.texteditor,3.6.1.r361_v20100714-0800,"org.eclipse.ui.edit.text.goto.wordNext",1301007978818
executed,command,org.eclipse.ui.workbench.texteditor,3.6.1.r361_v20100714-0800,"org.eclipse.ui.edit.text.select.wordNext",1301007979753
executed,command,org.eclipse.ui.workbench.texteditor,3.6.1.r361_v20100714-0800,"org.eclipse.ui.edit.text.goto.wordPrevious",1301007983394
executed,command,org.eclipse.ui.workbench.texteditor,3.6.1.r361_v20100714-0800,"org.eclipse.ui.edit.text.goto.wordPrevious",1301007983682
executed,command,org.eclipse.ui.workbench.texteditor,3.6.1.r361_v20100714-0800,"org.eclipse.ui.edit.text.goto.wordPrevious",1301007983901
executed,command,org.eclipse.ui.workbench.texteditor,3.6.1.r361_v20100714-0800,"org.eclipse.ui.edit.text.goto.wordPrevious",1301007984131
executed,command,org.eclipse.ui.workbench.texteditor,3.6.1.r361_v20100714-0800,"org.eclipse.ui.edit.text.goto.wordPrevious",1301007984391
executed,command,org.eclipse.ui.workbench.texteditor,3.6.1.r361_v20100714-0800,"org.eclipse.ui.edit.text.select.wordPrevious",1301007984845
executed,command,org.eclipse.ui.workbench.texteditor,3.6.1.r361_v20100714-0800,"org.eclipse.ui.edit.text.select.wordPrevious",1301007985045
executed,command,org.eclipse.ui.workbench.texteditor,3.6.1.r361_v20100714-0800,"org.eclipse.ui.edit.text.select.wordPrevious",1301007985225
executed,command,org.eclipse.ui.workbench.texteditor,3.6.1.r361_v20100714-0800,"org.eclipse.ui.edit.text.select.wordPrevious",1301007985385
executed,command,org.eclipse.ui.workbench.texteditor,3.6.1.r361_v20100714-0800,"org.eclipse.ui.edit.text.select.wordPrevious",1301007985562
executed,command,org.eclipse.ui.workbench.texteditor,3.6.1.r361_v20100714-0800,"org.eclipse.ui.edit.text.select.wordPrevious",1301007985722
executed,command,org.eclipse.ui.workbench.texteditor,3.6.1.r361_v20100714-0800,"org.eclipse.ui.edit.text.goto.wordNext",1301007986731
executed,command,org.eclipse.ui.workbench.texteditor,3.6.1.r361_v20100714-0800,"org.eclipse.ui.edit.text.goto.wordNext",1301007986910
executed,command,org.eclipse.ui.workbench.texteditor,3.6.1.r361_v20100714-0800,"org.eclipse.ui.edit.text.goto.wordNext",1301007987090
executed,command,org.eclipse.ui.workbench.texteditor,3.6.1.r361_v20100714-0800,"org.eclipse.ui.edit.text.goto.wordNext",1301007987260
executed,command,org.eclipse.ui.workbench.texteditor,3.6.1.r361_v20100714-0800,"org.eclipse.ui.edit.text.select.wordNext",1301007987805
executed,command,org.eclipse.ui,3.6.1.M20100826-1330,"org.eclipse.ui.file.save",1301007989713
activated,view,org.eclipse.jdt.ui,3.6.1.r361_v20100825-0800,"org.eclipse.jdt.ui.PackageExplorer",1301007994653
activated,editor,com.android.ide.eclipse.adt,10.0.0.v201102162101-104271,"com.android.ide.eclipse.editors.resources.ResourcesEditor",1301007994877
executed,command,org.eclipse.ui,3.6.1.M20100826-1330,"org.eclipse.ui.edit.copy",1301007998948
executed,command,org.eclipse.ui,3.6.1.M20100826-1330,"org.eclipse.ui.edit.paste",1301007999819
executed,command,org.eclipse.ui.workbench.texteditor,3.6.1.r361_v20100714-0800,"org.eclipse.ui.edit.text.goto.wordNext",1301008000533
executed,command,org.eclipse.ui.workbench.texteditor,3.6.1.r361_v20100714-0800,"org.eclipse.ui.edit.text.goto.wordNext",1301008000692
executed,command,org.eclipse.ui.workbench.texteditor,3.6.1.r361_v20100714-0800,"org.eclipse.ui.edit.text.goto.wordNext",1301008000853
executed,command,org.eclipse.ui.workbench.texteditor,3.6.1.r361_v20100714-0800,"org.eclipse.ui.edit.text.goto.wordNext",1301008001001
executed,command,org.eclipse.ui.workbench.texteditor,3.6.1.r361_v20100714-0800,"org.eclipse.ui.edit.text.goto.wordNext",1301008001163
executed,command,org.eclipse.ui.workbench.texteditor,3.6.1.r361_v20100714-0800,"org.eclipse.ui.edit.text.goto.wordNext",1301008001301
executed,command,org.eclipse.ui.workbench.texteditor,3.6.1.r361_v20100714-0800,"org.eclipse.ui.edit.text.select.wordNext",1301008001800
